{
  "runs": [
    {
      "run": 1,
      "time": 60.01666666666454,
      "area_covered": 99.8125,
      "energy": 269.3000000000028,
      "collisions": 0,
      "unique_positions": 366,
      "timestamp": 1764199470.2486236
    },
    {
      "run": 2,
      "time": 60.01666666666454,
      "area_covered": 99.546875,
      "energy": 435.96666666666306,
      "collisions": 87,
      "unique_positions": 769,
      "timestamp": 1764199586.2697542
    },
    {
      "run": 3,
      "time": 60.01666666666454,
      "area_covered": 99.640625,
      "energy": 273.07999999999487,
      "collisions": 0,
      "unique_positions": 402,
      "timestamp": 1764199703.4153147
    }
  ]
}